{
  "_generated": "Generated by SweetTooth, do not edit",
  "description": "Display the current weather in the panel and click the indicator to open GNOME Weather. The indicator position can be adjusted in preferences (on GNOME 45+).\n\nYou need GNOME Weather installed for this extension to function properly and an active internet connection to retrieve and display weather information.\n\nThis is a fork of the Weather O'Clock extension.",
  "uuid": "weatherornot@somepaulo.github.io",
  "name": "Weather or Not",
  "shell-version": [
    "45"
  ],
  "url": "https://github.com/somepaulo/gnome-shell-extension-weather-or-not",
  "original-author": "somepaulo@duck.com",
  "gettext-domain": "weatherornot@somepaulo.github.io",
  "settings-schema": "org.gnome.shell.extensions.weatherornot",
  "version": 13,
  "version-name": "45.1"
}
